,15m\_Tower\_MURC\_3Dsonic,15m\_Tower\_Atmos22,15m\_UAS\_A\_Atmos22,15m\_UAS\_B\_Atmos22
15m\_Tower\_MURC\_3Dsonic,1.000000,0.970465,0.875533,0.913658
15m\_Tower\_Atmos22,0.970465,1.000000,0.868221,0.894565
15m\_UAS\_A\_Atmos22,0.875533,0.868221,1.000000,0.868156
15m\_UAS\_B\_Atmos22,0.913658,0.894565,0.868156,1.000000
