,15m\_Tower\_MURC\_3Dsonic,15m\_Tower\_Atmos22,15m\_UAS\_A\_Atmos22,15m\_UAS\_B\_Atmos22
15m\_Tower\_MURC\_3Dsonic,1.000000,0.902425,0.897427,0.894786
15m\_Tower\_Atmos22,0.902425,1.000000,0.912497,0.950079
15m\_UAS\_A\_Atmos22,0.897427,0.912497,1.000000,0.915908
15m\_UAS\_B\_Atmos22,0.894786,0.950079,0.915908,1.000000
